Time [s],X_pos_series_1,X_pos_series_2,Y_pos_series_1,Y_pos_series_2,Z_pos_series_1,Z_pos_series_2,Roll_Pitch_series_1,Roll_Pitch_series_2,Velocities_series_1,Velocities_series_2,Velocities_series_3
0.0000,0.0000,0.0000,0.0000,0.0000,1.0000,1.0000,0.0000,0.0000,0.0000,0.0000,0.0002
0.0160,0.0000,0.0000,0.0000,0.0000,1.0000,1.0000,0.0000,0.0000,0.0000,0.0000,0.0002
0.0320,0.0000,0.0000,0.0000,0.0000,1.0000,1.0000,0.0000,0.0000,0.0000,0.0000,0.0001
0.0480,0.0000,0.0000,0.0000,0.0000,1.0000,1.0000,0.0000,0.0000,0.0000,0.0000,0.0001
0.0640,0.0000,0.0000,0.0000,0.0000,1.0000,1.0000,0.0000,0.0000,0.0000,0.0000,0.0000
0.0810,0.0000,0.0000,0.0000,0.0000,1.0000,1.0000,0.0000,0.0000,0.0000,0.0000,0.0000
0.0980,0.0000,0.0000,0.0000,0.0000,1.0000,1.0000,0.0000,0.0000,0.0000,0.0000,-0.0000
0.1140,0.0000,0.0000,0.0000,0.0000,1.0000,1.0000,0.0000,0.0000,0.0000,0.0000,-0.0000
0.1300,0.0000,0.0000,0.0000,0.0000,1.0000,1.0000,0.0000,0.0000,0.0000,0.0000,-0.0001
0.1460,0.0000,0.0000,0.0000,0.0000,1.0000,1.0000,0.0000,0.0000,0.0000,0.0000,-0.0001
0.1620,0.0000,0.0000,0.0000,0.0000,1.0000,1.0000,0.0000,0.0000,0.0000,0.0000,-0.0001
0.1790,0.0000,0.0000,0.0000,0.0000,1.0000,1.0000,0.0000,0.0000,0.0000,0.0000,-0.0001
0.1950,0.0000,0.0000,0.0000,0.0000,1.0000,1.0000,0.0000,0.0000,0.0000,0.0000,-0.0001
0.2110,0.0000,0.0000,0.0000,0.0000,1.0000,1.0000,0.0000,0.0000,0.0000,0.0000,-0.0001
0.2280,0.0000,0.0000,0.0000,0.0000,1.0000,1.0000,0.0000,0.0000,0.0000,0.0000,-0.0002
0.2440,0.0000,0.0000,0.0000,0.0000,1.0000,1.0000,0.0000,0.0000,0.0000,0.0000,-0.0002
0.2600,0.0000,0.0000,0.0000,0.0000,1.0000,1.0000,0.0000,0.0000,0.0000,0.0000,-0.0002
0.2760,0.0000,0.0000,0.0000,0.0000,1.0000,1.0000,0.0000,0.0000,0.0000,0.0000,-0.0002
0.2920,0.0000,0.0000,0.0000,0.0000,1.0000,1.0000,0.0000,0.0000,0.0000,0.0000,-0.0002
0.3090,0.0000,0.0000,0.0000,0.0000,1.0000,1.0000,0.0000,0.0000,0.0000,0.0000,-0.0002
0.3250,0.0000,0.0000,0.0000,0.0000,1.0000,1.0000,0.0000,0.0000,0.0000,0.0000,-0.0002
0.3420,0.0000,0.0000,0.0000,0.0000,1.0000,1.0000,0.0000,0.0000,0.0000,0.0000,-0.0002
0.3590,0.0000,0.0000,0.0000,0.0000,1.0000,1.0000,0.0000,0.0000,0.0000,0.0000,-0.0002
0.3750,0.0000,0.0000,0.0000,0.0000,1.0000,1.0000,0.0000,0.0000,0.0000,0.0000,-0.0002
0.3910,0.0000,0.0000,0.0000,0.0000,1.0000,1.0000,0.0000,0.0000,0.0000,0.0000,-0.0001
0.4070,0.0000,0.0000,0.0000,0.0000,1.0000,1.0000,0.0000,0.0000,0.0000,0.0000,-0.0001
0.4230,0.0000,0.0000,0.0000,0.0000,1.0000,1.0000,0.0000,0.0000,0.0000,0.0000,-0.0001
0.4400,0.0000,0.0000,0.0000,0.0000,1.0000,1.0000,0.0000,0.0000,0.0000,0.0000,-0.0001
0.4560,0.0000,0.0000,0.0000,0.0000,1.0000,1.0000,0.0000,0.0000,0.0000,0.0000,-0.0001
0.4720,0.0000,0.0000,0.0000,0.0000,1.0000,1.0000,0.0000,0.0000,0.0000,0.0000,-0.0001
0.4880,0.0000,0.0000,0.0000,0.0000,1.0000,1.0000,0.0000,0.0000,0.0000,0.0000,-0.0001
0.5040,0.0000,0.0000,0.0000,0.0000,1.0000,1.0000,0.0000,0.0000,0.0000,0.0000,-0.0001
0.5210,0.0000,0.0000,0.0000,0.0000,1.0000,1.0000,0.0000,0.0000,0.0000,0.0000,-0.0001
0.5380,0.0000,0.0000,0.0000,0.0000,1.0000,1.0000,0.0000,0.0000,0.0000,0.0000,-0.0001
0.5540,0.0000,0.0000,0.0000,0.0000,1.0000,1.0000,0.0000,0.0000,0.0000,0.0000,-0.0001
0.5700,0.0000,0.0000,0.0000,0.0000,1.0000,1.0000,0.0000,0.0000,0.0000,0.0000,-0.0001
0.5860,0.0000,0.0000,0.0000,0.0000,1.0000,1.0000,0.0000,0.0000,0.0000,0.0000,-0.0001
0.6020,0.0000,0.0000,0.0000,0.0000,1.0000,1.0000,0.0000,0.0000,0.0000,0.0000,-0.0000
0.6190,0.0000,0.0000,0.0000,0.0000,1.0000,1.0000,0.0000,0.0000,0.0000,0.0000,-0.0000
0.6350,0.0000,0.0000,0.0000,0.0000,1.0000,1.0000,0.0000,0.0000,0.0000,0.0000,-0.0000
0.6520,0.0000,0.0000,0.0000,0.0000,1.0000,1.0000,0.0000,0.0000,0.0000,0.0000,-0.0000
0.6690,0.0000,0.0000,0.0000,0.0000,1.0000,1.0000,0.0000,0.0000,0.0000,0.0000,-0.0000
0.6860,0.0000,0.0000,0.0000,0.0000,1.0000,1.0000,0.0000,0.0000,0.0000,0.0000,-0.0000
0.7030,0.0000,0.0000,0.0000,0.0000,1.0000,1.0000,0.0000,0.0000,0.0000,0.0000,-0.0000
0.7190,0.0000,0.0000,0.0000,0.0000,1.0000,1.0000,0.0000,0.0000,0.0000,0.0000,-0.0000
0.7350,0.0000,0.0000,0.0000,0.0000,1.0000,1.0000,0.0000,0.0000,0.0000,0.0000,0.0000
0.7510,0.0000,0.0000,0.0000,0.0000,1.0000,1.0000,0.0000,0.0000,0.0000,0.0000,0.0000
0.7670,0.0000,0.0000,0.0000,0.0000,1.0000,1.0000,0.0000,0.0000,0.0000,0.0000,0.0000
0.7830,0.0000,0.0000,0.0000,0.0000,1.0000,1.0000,0.0000,0.0000,0.0000,0.0000,0.0000
0.7990,0.0000,0.0000,0.0000,0.0000,1.0000,1.0000,0.0000,0.0000,0.0000,0.0000,0.0000
0.8150,0.0000,0.0000,0.0000,0.0000,1.0000,1.0000,0.0000,0.0000,0.0000,0.0000,0.0000
0.8320,0.0000,0.0000,0.0000,0.0000,1.0000,1.0000,0.0000,0.0000,0.0000,0.0000,0.0000
0.8490,0.0000,0.0000,0.0000,0.0000,1.0000,1.0000,0.0000,0.0000,0.0000,0.0000,0.0000
0.8660,0.0000,0.0000,0.0000,0.0000,1.0000,1.0000,0.0000,0.0000,0.0000,0.0000,0.0000
0.8830,0.0000,0.0000,0.0000,0.0000,1.0000,1.0000,0.0000,0.0000,0.0000,0.0000,0.0000
0.9000,0.0000,0.0000,0.0000,0.0000,1.0000,1.0000,0.0000,0.0000,0.0000,0.0000,0.0000
0.9170,0.0000,0.0000,0.0000,0.0000,1.0000,1.0000,0.0000,0.0000,0.0000,0.0000,0.0000
0.9340,0.0000,0.0000,0.0000,0.0000,1.0000,1.0000,0.0000,0.0000,0.0000,0.0000,0.0000
0.9500,0.0000,0.0000,0.0000,0.0000,1.0000,1.0000,0.0000,0.0000,0.0000,0.0000,0.0000
0.9670,0.0000,0.0000,0.0000,0.0000,1.0000,1.0000,0.0000,0.0000,0.0000,0.0000,0.0000
0.9840,0.0000,0.0000,0.0000,0.0000,1.0000,1.0000,0.0000,0.0000,0.0000,0.0000,0.0000
1.0010,0.0000,0.0000,0.0000,0.0000,1.0000,1.0000,0.0000,0.0000,0.0000,0.0000,0.0000
1.0180,0.0000,0.0000,0.0000,0.0000,1.0000,1.0000,0.0000,0.0000,0.0000,0.0000,0.0000
1.0350,0.0000,0.0000,0.0000,0.0000,1.0000,1.0000,0.0000,0.0000,0.0000,0.0000,0.0000
1.0520,0.0000,0.0000,0.0000,0.0000,1.0000,1.0000,0.0000,0.0000,0.0000,0.0000,0.0000
1.0690,0.0000,0.0000,0.0000,0.0000,1.0000,1.0000,0.0000,0.0000,0.0000,0.0000,0.0000
1.0860,0.0000,0.0000,0.0000,0.0000,1.0000,1.0000,0.0000,0.0000,0.0000,0.0000,0.0000
1.1020,0.0000,0.0000,0.0000,0.0000,1.0000,1.0000,0.0000,0.0000,0.0000,0.0000,0.0000
1.1190,0.0000,0.0000,0.0000,0.0000,1.0000,1.0000,0.0000,0.0000,0.0000,0.0000,0.0000
1.1350,0.0000,0.0000,0.0000,0.0000,1.0000,1.0000,0.0000,0.0000,0.0000,0.0000,0.0000
1.1510,0.0000,0.0000,0.0000,0.0000,1.0000,1.0000,0.0000,0.0000,0.0000,0.0000,0.0000
1.1670,-0.5266,-0.0000,-1.0781,-0.0000,1.0000,1.0001,0.8890,-0.8890,-1.0000,-1.0000,0.0000
1.1830,-0.5266,-0.0001,-1.0781,-0.0001,1.0000,1.0005,4.9969,-4.9969,-1.0000,-1.0000,-0.0003
1.1990,-0.5266,-0.0004,-1.0781,-0.0004,1.0000,1.0013,11.5741,-11.5741,-1.0000,-1.0000,-0.0024
1.2150,-0.5266,-0.0013,-1.0781,-0.0013,1.0000,1.0025,14.3239,-14.3239,-1.0000,-1.0000,-0.0066
1.2320,-0.5266,-0.0030,-1.0781,-0.0031,1.0000,1.0040,14.1737,-14.1737,-1.0000,-1.0000,-0.0123
1.2480,-0.5266,-0.0054,-1.0781,-0.0055,1.0000,1.0058,13.9002,-13.9002,-0.9928,-1.0000,-0.0202
1.2650,-0.5266,-0.0086,-1.0781,-0.0088,1.0000,1.0078,14.3239,-14.3239,-0.9736,-1.0000,-0.0288
1.2810,-0.5266,-0.0123,-1.0781,-0.0126,1.0000,1.0097,14.3239,-14.3239,-0.9357,-1.0000,-0.0388
1.2970,-0.5266,-0.0165,-1.0781,-0.0169,1.0000,1.0115,14.3239,-14.3239,-0.9136,-1.0000,-0.0485
1.3130,-0.5266,-0.0214,-1.0781,-0.0219,1.0000,1.0131,14.3239,-14.3239,-0.8863,-1.0000,-0.0575
1.3300,-0.5266,-0.0272,-1.0781,-0.0279,1.0000,1.0145,14.3239,-14.3239,-0.8676,-1.0000,-0.0654
1.3470,-0.5266,-0.0336,-1.0781,-0.0345,1.0000,1.0157,14.3239,-13.7032,-0.8288,-1.0000,-0.0726
1.3640,-0.5266,-0.0406,-1.0781,-0.0418,1.0000,1.0166,14.3239,-12.5979,-0.7973,-1.0000,-0.0784
1.3810,-0.5266,-0.0482,-1.0781,-0.0497,1.0000,1.0173,14.3239,-11.0348,-0.7653,-1.0000,-0.0831
1.3980,-0.5266,-0.0563,-1.0781,-0.0582,1.0000,1.0178,14.3015,-9.4466,-0.7338,-1.0000,-0.0865
1.4150,-0.5266,-0.0647,-1.0781,-0.0675,1.0000,1.0181,13.8467,-7.8551,-0.7034,-1.0000,-0.0890
1.4310,-0.5266,-0.0730,-1.0781,-0.0767,1.0000,1.0182,13.1967,-6.1441,-0.6587,-1.0000,-0.0904
1.4470,-0.5266,-0.0815,-1.0781,-0.0865,1.0000,1.0182,12.4098,-5.0556,-0.6481,-1.0000,-0.0909
1.4640,-0.5266,-0.0908,-1.0781,-0.0974,1.0000,1.0180,11.5034,-3.9415,-0.6395,-1.0000,-0.0908
1.4800,-0.5266,-0.0996,-1.0781,-0.1082,1.0000,1.0177,10.6791,-2.5483,-0.5824,-1.0000,-0.0899
1.4970,-0.5266,-0.1091,-1.0781,-0.1201,1.0000,1.0174,9.8037,-2.0499,-0.5936,-1.0000,-0.0886
1.5130,-0.5266,-0.1181,-1.0781,-0.1317,1.0000,1.0171,9.0350,-0.5588,-0.5381,-1.0000,-0.0869
1.5300,-0.5266,-0.1277,-1.0781,-0.1445,1.0000,1.0167,8.2587,-0.3915,-0.5523,-1.0000,-0.0853
1.5460,-0.5266,-0.1367,-1.0781,-0.1568,1.0000,1.0165,7.5855,0.6926,-0.4991,-1.0000,-0.0836
1.5620,-0.5266,-0.1456,-1.0781,-0.1694,1.0000,1.0163,6.9530,1.1321,-0.4992,-1.0000,-0.0823
1.5790,-0.5266,-0.1550,-1.0781,-0.1832,1.0000,1.0161,6.3619,1.4547,-0.4995,-1.0000,-0.0813
1.5960,-0.5266,-0.1643,-1.0781,-0.1971,1.0000,1.0159,5.8300,1.7821,-0.4669,-1.0000,-0.0804
1.6130,-0.5266,-0.1735,-1.0781,-0.2114,1.0000,1.0155,5.3539,2.1987,-0.4513,-1.0000,-0.0793
1.6290,-0.5266,-0.1820,-1.0781,-0.2249,1.0000,1.0152,4.9610,2.7415,-0.4195,-1.0000,-0.0777
1.6450,-0.5266,-0.1903,-1.0781,-0.2387,1.0000,1.0147,4.6000,2.6860,-0.4232,-1.0000,-0.0758
1.6620,-0.5266,-0.1991,-1.0781,-0.2534,1.0000,1.0141,4.2583,2.7311,-0.4262,-1.0000,-0.0734
1.6790,-0.5266,-0.2076,-1.0781,-0.2684,1.0000,1.0135,3.9498,2.9661,-0.3980,-1.0000,-0.0706
1.6950,-0.5266,-0.2156,-1.0781,-0.2825,1.0000,1.0128,3.6852,3.2387,-0.3698,-1.0000,-0.0674
1.7120,-0.5266,-0.2238,-1.0781,-0.2977,1.0000,1.0121,3.4325,2.9407,-0.3892,-1.0000,-0.0641
1.7290,-0.5266,-0.2318,-1.0781,-0.3130,1.0000,1.0113,3.2025,3.2660,-0.3634,-1.0000,-0.0603
1.7460,-0.5266,-0.2397,-1.0781,-0.3284,1.0000,1.0105,2.9948,3.1383,-0.3525,-1.0000,-0.0565
1.7620,-0.5266,-0.2470,-1.0781,-0.3430,1.0000,1.0097,2.8178,3.4710,-0.3277,-1.0000,-0.0524
1.7790,-0.5266,-0.2545,-1.0781,-0.3586,1.0000,1.0089,2.6467,3.0327,-0.3462,-1.0000,-0.0486
1.7960,-0.5266,-0.2618,-1.0781,-0.3743,1.0000,1.0081,2.1666,3.2426,-0.3234,-0.9807,-0.0444
1.8130,-0.5266,-0.2689,-1.0781,-0.3900,1.0000,1.0073,1.4391,3.1233,-0.3140,-0.9471,-0.0403
1.8290,-0.5266,-0.2755,-1.0781,-0.4048,1.0000,1.0065,0.2014,3.3194,-0.2920,-0.8852,-0.0363
1.8460,-0.5266,-0.2823,-1.0781,-0.4205,1.0000,1.0058,0.1865,2.9220,-0.3092,-0.9112,-0.0326
1.8620,-0.5266,-0.2885,-1.0781,-0.4352,1.0000,1.0053,-1.0891,3.1204,-0.2765,-0.8248,-0.0289
1.8780,-0.5266,-0.2946,-1.0781,-0.4498,1.0000,1.0050,-2.3094,3.0830,-0.2817,-0.8256,-0.0264
1.8940,-0.5266,-0.3004,-1.0781,-0.4643,1.0000,1.0051,-1.9930,2.8192,-0.2749,-0.7995,-0.0252
1.9100,-0.5266,-0.3062,-1.0781,-0.4786,1.0000,1.0053,-3.1261,2.8036,-0.2684,-0.7753,-0.0254
1.9270,-0.5266,-0.3121,-1.0781,-0.4936,1.0000,1.0057,-2.8489,2.4842,-0.2722,-0.7776,-0.0267
1.9430,-0.5266,-0.3176,-1.0781,-0.5076,1.0000,1.0061,-4.1692,2.7588,-0.2436,-0.6995,-0.0286
1.9590,-0.5266,-0.3229,-1.0781,-0.5213,1.0000,1.0067,-4.1184,2.5851,-0.2479,-0.7050,-0.0307
1.9760,-0.5266,-0.3283,-1.0781,-0.5356,1.0000,1.0074,-4.1613,2.4250,-0.2515,-0.7100,-0.0335
1.9920,-0.5266,-0.3334,-1.0781,-0.5489,1.0000,1.0081,-4.6839,2.4365,-0.2251,-0.6374,-0.0371
2.0090,-0.5266,-0.3386,-1.0781,-0.5627,1.0000,1.0090,-4.5838,2.3090,-0.2383,-0.6689,-0.0406
2.0250,-0.5266,-0.3434,-1.0781,-0.5754,1.0000,1.0098,-4.1893,2.2505,-0.2131,-0.5998,-0.0448
2.0420,-0.5266,-0.3483,-1.0781,-0.5886,1.0000,1.0110,-5.3543,2.2077,-0.2258,-0.6311,-0.0492
2.0590,-0.5266,-0.3531,-1.0781,-0.6016,1.0000,1.0124,-4.7720,2.1502,-0.2111,-0.5893,-0.0550
2.0750,-0.5266,-0.3575,-1.0781,-0.6135,1.0000,1.0137,-5.5401,2.1934,-0.1966,-0.5489,-0.0618
2.0920,-0.5266,-0.3621,-1.0781,-0.6258,1.0000,1.0150,-4.6257,1.9544,-0.2082,-0.5791,-0.0684
2.1090,-0.5266,-0.3666,-1.0781,-0.6379,1.0000,1.0163,-5.1461,2.0777,-0.1945,-0.5412,-0.0750
2.1250,-0.5266,-0.3707,-1.0781,-0.6490,1.0000,1.0174,-5.2232,2.0729,-0.1806,-0.5030,-0.0814
2.1410,-0.5266,-0.3746,-1.0781,-0.6598,1.0000,1.0184,-5.0382,2.0367,-0.1839,-0.5111,-0.0872
2.1570,-0.5266,-0.3785,-1.0781,-0.6705,1.0000,1.0193,-5.0974,1.9623,-0.1790,-0.4973,-0.0922
2.1730,-0.5266,-0.3824,-1.0781,-0.6808,1.0000,1.0199,-4.8587,1.9233,-0.1742,-0.4836,-0.0964
2.1900,-0.5266,-0.3863,-1.0781,-0.6916,1.0000,1.0204,-4.6072,1.7855,-0.1765,-0.4894,-0.0996
2.2060,-0.5266,-0.3899,-1.0781,-0.7015,1.0000,1.0206,-4.9912,1.9110,-0.1572,-0.4364,-0.1018
2.2220,-0.5266,-0.3935,-1.0781,-0.7112,1.0000,1.0209,-4.7535,1.8610,-0.1600,-0.4436,-0.1031
2.2390,-0.5266,-0.3971,-1.0781,-0.7212,1.0000,1.0211,-4.5815,1.7385,-0.1623,-0.4497,-0.1043
2.2550,-0.5266,-0.4005,-1.0781,-0.7304,1.0000,1.0211,-4.7989,1.8005,-0.1448,-0.4012,-0.1053
2.2720,-0.5266,-0.4039,-1.0781,-0.7399,1.0000,1.0211,-4.2448,1.6203,-0.1536,-0.4253,-0.1057
2.2890,-0.5266,-0.4073,-1.0781,-0.7491,1.0000,1.0211,-4.5188,1.6744,-0.1433,-0.3968,-0.1056
2.3060,-0.5266,-0.4106,-1.0781,-0.7581,1.0000,1.0211,-4.2089,1.5696,-0.1393,-0.3855,-0.1054
2.3220,-0.5266,-0.4136,-1.0781,-0.7664,1.0000,1.0210,-4.6060,1.7435,-0.1294,-0.3583,-0.1053
2.3390,-0.5266,-0.4167,-1.0781,-0.7749,1.0000,1.0208,-3.9056,1.4211,-0.1375,-0.3803,-0.1048
2.3550,-0.5266,-0.4195,-1.0781,-0.7828,1.0000,1.0206,-4.4314,1.6715,-0.1227,-0.3393,-0.1039
2.3710,-0.5266,-0.4223,-1.0781,-0.7904,1.0000,1.0205,-3.9174,1.4453,-0.1251,-0.3459,-0.1030
2.3870,-0.5266,-0.4250,-1.0781,-0.7978,1.0000,1.0204,-4.0351,1.5197,-0.1221,-0.3375,-0.1024
2.4040,-0.5266,-0.4278,-1.0781,-0.8054,1.0000,1.0203,-3.4711,1.2467,-0.1240,-0.3426,-0.1020
2.4200,-0.5266,-0.4303,-1.0781,-0.8125,1.0000,1.0201,-3.8960,1.4685,-0.1107,-0.3059,-0.1015
2.4360,-0.5266,-0.4328,-1.0781,-0.8193,1.0000,1.0199,-3.4808,1.2618,-0.1128,-0.3116,-0.1007
2.4520,-0.5266,-0.4352,-1.0781,-0.8260,1.0000,1.0196,-3.5693,1.3225,-0.1100,-0.3037,-0.0996
2.4690,-0.5266,-0.4377,-1.0781,-0.8329,1.0000,1.0192,-3.1510,1.1435,-0.1116,-0.3081,-0.0982
2.4850,-0.5266,-0.4400,-1.0781,-0.8392,1.0000,1.0187,-3.4632,1.2595,-0.0996,-0.2748,-0.0962
2.5010,-0.5266,-0.4423,-1.0781,-0.8454,1.0000,1.0182,-3.1689,1.1534,-0.1014,-0.2798,-0.0937
2.5170,-0.5266,-0.4444,-1.0781,-0.8514,1.0000,1.0175,-3.2160,1.1616,-0.0988,-0.2725,-0.0908
2.5330,-0.5266,-0.4466,-1.0781,-0.8573,1.0000,1.0167,-3.0619,1.1128,-0.0962,-0.2654,-0.0874
2.5500,-0.5266,-0.4488,-1.0781,-0.8633,1.0000,1.0158,-2.7978,1.0113,-0.0976,-0.2692,-0.0836
2.5670,-0.5266,-0.4509,-1.0781,-0.8692,1.0000,1.0149,-2.9295,1.0605,-0.0910,-0.2512,-0.0792
2.5840,-0.5266,-0.4530,-1.0781,-0.8750,1.0000,1.0139,-2.7624,1.0012,-0.0884,-0.2440,-0.0746
2.6010,-0.5266,-0.4550,-1.0781,-0.8806,1.0000,1.0129,-2.7645,0.9999,-0.0860,-0.2372,-0.0697
2.6170,-0.5266,-0.4569,-1.0781,-0.8857,1.0000,1.0120,-2.8774,1.0426,-0.0799,-0.2204,-0.0647
2.6330,-0.5266,-0.4587,-1.0781,-0.8907,1.0000,1.0110,-2.6282,0.9516,-0.0815,-0.2248,-0.0599
2.6490,-0.5266,-0.4604,-1.0781,-0.8955,1.0000,1.0100,-2.6599,0.9634,-0.0794,-0.2192,-0.0550
2.6650,-0.5266,-0.4621,-1.0781,-0.9002,1.0000,1.0091,-2.4677,0.8942,-0.0774,-0.2137,-0.0502
2.6810,-0.5266,-0.4638,-1.0781,-0.9048,1.0000,1.0081,-2.4367,0.8826,-0.0755,-0.2083,-0.0454
2.6980,-0.5266,-0.4655,-1.0781,-0.9096,1.0000,1.0072,-2.2077,0.8002,-0.0766,-0.2115,-0.0407
2.7150,-0.5266,-0.4672,-1.0781,-0.9142,1.0000,1.0062,-2.2396,0.8116,-0.0716,-0.1975,-0.0358
2.7310,-0.5266,-0.4687,-1.0781,-0.9184,1.0000,1.0054,-2.2951,0.8318,-0.0665,-0.1835,-0.0311
2.7470,-0.5266,-0.4702,-1.0781,-0.9225,1.0000,1.0045,-2.1450,0.7776,-0.0678,-0.1872,-0.0268
2.7630,-0.5266,-0.4717,-1.0781,-0.9265,1.0000,1.0038,-2.1411,0.7761,-0.0661,-0.1825,-0.0227
2.7790,-0.5266,-0.4731,-1.0781,-0.9304,1.0000,1.0030,-2.0033,0.7263,-0.0645,-0.1779,-0.0188
2.7950,-0.5266,-0.4744,-1.0781,-0.9342,1.0000,1.0023,-1.9782,0.7171,-0.0628,-0.1735,-0.0151
2.8110,-0.5266,-0.4758,-1.0781,-0.9379,1.0000,1.0017,-1.9022,0.6897,-0.0613,-0.1691,-0.0117
2.8270,-0.5266,-0.4771,-1.0781,-0.9415,1.0000,1.0011,-1.8418,0.6678,-0.0597,-0.1648,-0.0084
2.8430,-0.5266,-0.4784,-1.0781,-0.9450,1.0000,1.0005,-1.8011,0.6530,-0.0582,-0.1606,-0.0054
2.8590,-0.5266,-0.4796,-1.0781,-0.9484,1.0000,1.0000,-1.7355,0.6293,-0.0567,-0.1565,-0.0026
2.8750,-0.5266,-0.4808,-1.0781,-0.9518,1.0000,0.9996,-1.6982,0.6157,-0.0553,-0.1525,-0.0001
2.8910,-1.0133,-0.4820,-0.0476,-0.9550,1.0000,0.9992,-2.4662,-0.3171,-1.0000,1.0000,0.0022
2.9070,-1.0133,-0.4832,-0.0476,-0.9581,1.0000,0.9992,-6.3915,-4.4953,-1.0000,1.0000,0.0040
2.9230,-1.0133,-0.4846,-0.0476,-0.9608,1.0000,0.9996,-12.2090,-11.5024,-1.0000,1.0000,0.0040
2.9390,-1.0133,-0.4866,-0.0476,-0.9629,1.0000,1.0004,-14.3239,-14.3239,-1.0000,1.0000,0.0018
2.9560,-1.0133,-0.4895,-0.0476,-0.9644,1.0000,1.0015,-14.0199,-14.2144,-0.9946,1.0000,-0.0018
2.9730,-1.0133,-0.4932,-0.0476,-0.9650,1.0000,1.0028,-14.3239,-13.7101,-0.9621,1.0000,-0.0075
2.9900,-1.0133,-0.4975,-0.0476,-0.9649,1.0000,1.0041,-14.3239,-14.3239,-0.9328,1.0000,-0.0140
3.0070,-1.0133,-0.5026,-0.0476,-0.9641,1.0000,1.0055,-14.3239,-14.3239,-0.9036,1.0000,-0.0207
3.0230,-1.0133,-0.5079,-0.0476,-0.9626,1.0000,1.0066,-14.3239,-14.3239,-0.8635,1.0000,-0.0273
3.0390,-1.0133,-0.5139,-0.0476,-0.9606,1.0000,1.0076,-14.3239,-14.0841,-0.8428,1.0000,-0.0330
3.0550,-1.0133,-0.5204,-0.0476,-0.9579,1.0000,1.0085,-14.3239,-13.0077,-0.8125,1.0000,-0.0381
3.0710,-1.0133,-0.5275,-0.0476,-0.9546,1.0000,1.0092,-14.3239,-11.6774,-0.7816,1.0000,-0.0424
3.0870,-1.0133,-0.5350,-0.0476,-0.9507,1.0000,1.0098,-14.3239,-10.1366,-0.7510,1.0000,-0.0460
3.1030,-1.0133,-0.5429,-0.0476,-0.9462,1.0000,1.0103,-14.3239,-8.5654,-0.7213,1.0000,-0.0490
3.1190,-1.0133,-0.5512,-0.0476,-0.9410,1.0000,1.0106,-14.3239,-7.0762,-0.6928,1.0000,-0.0513
3.1350,-1.0133,-0.5597,-0.0476,-0.9353,1.0000,1.0109,-14.3239,-5.6471,-0.6658,1.0000,-0.0531
3.1510,-1.0133,-0.5685,-0.0476,-0.9290,1.0000,1.0110,-14.3239,-4.3704,-0.6402,1.0000,-0.0543
3.1670,-1.0133,-0.5774,-0.0476,-0.9221,1.0000,1.0111,-14.3239,-3.2052,-0.6161,1.0000,-0.0550
3.1830,-1.0133,-0.5864,-0.0476,-0.9146,1.0000,1.0110,-14.3239,-2.1765,-0.5934,1.0000,-0.0553
3.1990,-1.0133,-0.5955,-0.0476,-0.9065,1.0000,1.0109,-14.2937,-1.2751,-0.5720,1.0000,-0.0551
3.2160,-1.0133,-0.6052,-0.0476,-0.8972,1.0000,1.0107,-13.8119,-0.7247,-0.5685,1.0000,-0.0545
3.2320,-1.0133,-0.6143,-0.0476,-0.8879,1.0000,1.0104,-13.1363,0.4630,-0.5139,1.0000,-0.0534
3.2480,-1.0133,-0.6233,-0.0476,-0.8780,1.0000,1.0102,-12.3035,0.7189,-0.5135,1.0000,-0.0522
3.2650,-1.0133,-0.6329,-0.0476,-0.8670,1.0000,1.0098,-11.3624,1.1883,-0.5133,1.0000,-0.0508
3.2810,-1.0133,-0.6418,-0.0476,-0.8561,1.0000,1.0095,-10.5155,1.8678,-0.4620,1.0000,-0.0492
3.2970,-1.0133,-0.6506,-0.0476,-0.8448,1.0000,1.0092,-9.6716,2.0251,-0.4644,1.0000,-0.0477
3.3140,-1.0133,-0.6598,-0.0476,-0.8324,1.0000,1.0089,-8.8501,2.2803,-0.4663,1.0000,-0.0462
3.3310,-1.0133,-0.6689,-0.0476,-0.8195,1.0000,1.0086,-8.0881,2.5509,-0.4355,1.0000,-0.0446
3.3470,-1.0133,-0.6773,-0.0476,-0.8071,1.0000,1.0082,-7.4333,3.0021,-0.4048,1.0000,-0.0429
3.3640,-1.0133,-0.6861,-0.0476,-0.7936,1.0000,1.0078,-6.8048,2.7376,-0.4246,1.0000,-0.0411
3.3800,-1.0133,-0.6942,-0.0476,-0.7807,1.0000,1.0074,-6.2615,3.3780,-0.3804,1.0000,-0.0390
3.3970,-1.0133,-0.7026,-0.0476,-0.7666,1.0000,1.0070,-5.7394,2.8110,-0.4001,1.0000,-0.0370
3.4130,-1.0133,-0.7104,-0.0476,-0.7532,1.0000,1.0067,-5.2826,3.6023,-0.3583,0.9996,-0.0351
3.4290,-1.0133,-0.7179,-0.0476,-0.7396,1.0000,1.0064,-4.7382,3.1259,-0.3634,0.9916,-0.0334
3.4450,-1.0133,-0.7254,-0.0476,-0.7258,1.0000,1.0062,-3.8121,3.4243,-0.3538,0.9583,-0.0321
3.4610,-1.0133,-0.7326,-0.0476,-0.7119,1.0000,1.0061,-2.8608,3.1782,-0.3443,0.9254,-0.0311
3.4770,-1.0133,-0.7397,-0.0476,-0.6979,1.0000,1.0060,-1.7911,3.2169,-0.3353,0.8936,-0.0304
3.4930,-1.0133,-0.7466,-0.0476,-0.6838,1.0000,1.0058,-0.8271,3.1807,-0.3263,0.8631,-0.0298
3.5100,-1.0133,-0.7537,-0.0476,-0.6689,1.0000,1.0056,-0.2786,2.8673,-0.3302,0.8597,-0.0290
3.5270,-1.0133,-0.7607,-0.0476,-0.6541,1.0000,1.0055,0.9624,3.0700,-0.3083,0.8043,-0.0281
3.5440,-1.0133,-0.7675,-0.0476,-0.6393,1.0000,1.0054,1.6488,2.9551,-0.2993,0.7758,-0.0273
3.5610,-1.0133,-0.7742,-0.0476,-0.6247,1.0000,1.0053,2.5280,3.0235,-0.2909,0.7491,-0.0268
3.5770,-1.0133,-0.7803,-0.0476,-0.6111,1.0000,1.0053,3.3527,3.0496,-0.2704,0.6969,-0.0265
3.5940,-1.0133,-0.7866,-0.0476,-0.5968,1.0000,1.0054,3.3468,2.8424,-0.2866,0.7265,-0.0264
3.6100,-1.0133,-0.7924,-0.0476,-0.5836,1.0000,1.0056,3.3543,2.7446,-0.2563,0.6530,-0.0269
3.6270,-1.0133,-0.7983,-0.0476,-0.5698,1.0000,1.0062,4.8193,2.7430,-0.2718,0.6835,-0.0281
3.6430,-1.0133,-0.8038,-0.0476,-0.5571,1.0000,1.0069,4.4980,2.6891,-0.2432,0.6132,-0.0308
3.6600,-1.0133,-0.8095,-0.0476,-0.5439,1.0000,1.0080,4.6847,2.5373,-0.2581,0.6450,-0.0346
3.6770,-1.0133,-0.8150,-0.0476,-0.5309,1.0000,1.0092,3.9818,2.4020,-0.2415,0.6036,-0.0399
3.6930,-1.0133,-0.8200,-0.0476,-0.5190,1.0000,1.0105,5.1205,2.5120,-0.2249,0.5623,-0.0462
3.7100,-1.0133,-0.8252,-0.0476,-0.5066,1.0000,1.0119,4.1425,2.1891,-0.2383,0.5916,-0.0526
3.7270,-1.0133,-0.8303,-0.0476,-0.4944,1.0000,1.0134,4.8202,2.3112,-0.2226,0.5530,-0.0595
3.7440,-1.0133,-0.8353,-0.0476,-0.4826,1.0000,1.0149,4.5585,2.1755,-0.2163,0.5366,-0.0670
3.7600,-1.0133,-0.8398,-0.0476,-0.4716,1.0000,1.0163,5.1770,2.4319,-0.2012,0.4992,-0.0746
3.7760,-1.0133,-0.8442,-0.0476,-0.4610,1.0000,1.0176,4.7477,2.1694,-0.2047,0.5067,-0.0815
3.7920,-1.0133,-0.8486,-0.0476,-0.4505,1.0000,1.0189,4.9085,2.2648,-0.1995,0.4933,-0.0882
3.8080,-1.0133,-0.8528,-0.0476,-0.4404,1.0000,1.0201,4.6637,2.0625,-0.1943,0.4800,-0.0946
3.8240,-1.0133,-0.8569,-0.0476,-0.4304,1.0000,1.0211,4.7092,2.1216,-0.1892,0.4670,-0.1004
3.8400,-1.0133,-0.8609,-0.0476,-0.4206,1.0000,1.0218,4.6272,2.0136,-0.1841,0.4541,-0.1053
3.8560,-1.0133,-0.8648,-0.0476,-0.4111,1.0000,1.0223,4.5854,2.0035,-0.1790,0.4414,-0.1090
3.8720,-1.0133,-0.8687,-0.0476,-0.4018,1.0000,1.0226,4.5833,1.9814,-0.1741,0.4291,-0.1115
3.8890,-1.0133,-0.8726,-0.0476,-0.3921,1.0000,1.0227,4.2155,1.8056,-0.1764,0.4343,-0.1130
3.9050,-1.0133,-0.8763,-0.0476,-0.3832,1.0000,1.0226,4.7166,2.0061,-0.1570,0.3869,-0.1133
3.9210,-1.0133,-0.8799,-0.0476,-0.3746,1.0000,1.0225,4.3482,1.8619,-0.1598,0.3935,-0.1129
3.9370,-1.0133,-0.8833,-0.0476,-0.3661,1.0000,1.0223,4.5021,1.9118,-0.1557,0.3833,-0.1123
3.9540,-1.0133,-0.8869,-0.0476,-0.3574,1.0000,1.0221,3.9462,1.6487,-0.1581,0.3888,-0.1116
3.9710,-1.0133,-0.8904,-0.0476,-0.3489,1.0000,1.0217,4.1805,1.7832,-0.1475,0.3628,-0.1104
3.9870,-1.0133,-0.8936,-0.0476,-0.3411,1.0000,1.0213,4.2282,1.7447,-0.1369,0.3367,-0.1086
4.0040,-1.0133,-0.8969,-0.0476,-0.3330,1.0000,1.0208,3.7673,1.6049,-0.1455,0.3575,-0.1066
4.0210,-1.0133,-0.9001,-0.0476,-0.3252,1.0000,1.0203,3.9446,1.6227,-0.1357,0.3336,-0.1041
4.0370,-1.0133,-0.9030,-0.0476,-0.3180,1.0000,1.0199,3.8855,1.6053,-0.1261,0.3099,-0.1016
4.0530,-1.0133,-0.9059,-0.0476,-0.3110,1.0000,1.0194,3.7685,1.5812,-0.1287,0.3162,-0.0993
4.0690,-1.0133,-0.9087,-0.0476,-0.3042,1.0000,1.0188,3.6694,1.4919,-0.1255,0.3082,-0.0968
4.0850,-1.0133,-0.9114,-0.0476,-0.2975,1.0000,1.0181,3.4891,1.4563,-0.1222,0.3002,-0.0938
4.1020,-1.0133,-0.9142,-0.0476,-0.2907,1.0000,1.0173,3.2370,1.3267,-0.1241,0.3046,-0.0904
4.1180,-1.0133,-0.9167,-0.0476,-0.2844,1.0000,1.0164,3.4883,1.4299,-0.1106,0.2716,-0.0863
4.1340,-1.0133,-0.9192,-0.0476,-0.2782,1.0000,1.0156,3.1682,1.3057,-0.1127,0.2768,-0.0822
4.1500,-1.0133,-0.9217,-0.0476,-0.2723,1.0000,1.0147,3.2640,1.3346,-0.1098,0.2697,-0.0779
4.1660,-1.0133,-0.9240,-0.0476,-0.2665,1.0000,1.0137,3.0363,1.2489,-0.1070,0.2628,-0.0734
4.1820,-1.0133,-0.9264,-0.0476,-0.2608,1.0000,1.0128,3.0086,1.2320,-0.1043,0.2561,-0.0687
4.1990,-1.0133,-0.9287,-0.0476,-0.2549,1.0000,1.0118,2.7480,1.1262,-0.1059,0.2599,-0.0639
4.2150,-1.0133,-0.9309,-0.0476,-0.2496,1.0000,1.0108,2.9580,1.2125,-0.0944,0.2318,-0.0588
4.2320,0.3987,-0.9332,-0.3963,-0.2440,1.0000,1.0098,3.8368,2.1943,1.0000,-1.0000,-0.0539
4.2490,0.3987,-0.9353,-0.3963,-0.2388,1.0000,1.0093,8.0711,6.7773,1.0000,-0.4672,-0.0491
4.2650,0.3987,-0.9369,-0.3963,-0.2342,1.0000,1.0092,13.2833,13.0151,1.0000,-0.4800,-0.0464
4.2810,0.3987,-0.9379,-0.3963,-0.2304,1.0000,1.0093,14.3239,14.3239,1.0000,-0.4656,-0.0458
4.2970,0.3987,-0.9382,-0.3963,-0.2273,1.0000,1.0098,14.0449,13.8992,1.0000,-0.4524,-0.0466
4.3140,0.3987,-0.9377,-0.3963,-0.2247,1.0000,1.0105,14.3239,14.0329,1.0000,-0.4294,-0.0490
4.3300,0.3987,-0.9367,-0.3963,-0.2230,1.0000,1.0111,14.3239,14.2904,1.0000,-0.4223,-0.0523
4.3460,0.3987,-0.9350,-0.3963,-0.2220,1.0000,1.0118,14.0605,14.3239,1.0000,-0.3992,-0.0557
4.3620,0.3987,-0.9326,-0.3963,-0.2217,1.0000,1.0125,12.9674,14.3239,1.0000,-0.3802,-0.0591
4.3790,0.3987,-0.9295,-0.3963,-0.2219,1.0000,1.0131,11.6407,14.3239,1.0000,-0.3602,-0.0625
4.3960,0.3987,-0.9257,-0.3963,-0.2227,1.0000,1.0136,10.3120,14.3239,1.0000,-0.3419,-0.0655
4.4130,0.3987,-0.9212,-0.3963,-0.2240,1.0000,1.0139,8.8337,14.3239,1.0000,-0.3235,-0.0678
4.4300,0.3987,-0.9160,-0.3963,-0.2257,1.0000,1.0140,7.5456,14.3239,1.0000,-0.3062,-0.0693
4.4470,0.3987,-0.9102,-0.3963,-0.2278,1.0000,1.0140,6.3278,14.3239,1.0000,-0.2901,-0.0701
4.4630,0.3987,-0.9041,-0.3963,-0.2301,1.0000,1.0140,5.2041,14.3239,1.0000,-0.2714,-0.0702
4.4790,0.3987,-0.8974,-0.3963,-0.2325,1.0000,1.0138,4.3503,14.3239,1.0000,-0.2621,-0.0698
4.4960,0.3987,-0.8896,-0.3963,-0.2354,1.0000,1.0135,3.5194,14.3239,1.0000,-0.2548,-0.0689
4.5130,0.3987,-0.8812,-0.3963,-0.2384,1.0000,1.0131,2.7284,14.3239,1.0000,-0.2387,-0.0674
4.5300,0.3987,-0.8721,-0.3963,-0.2415,1.0000,1.0126,2.1047,13.9292,1.0000,-0.2279,-0.0655
4.5460,0.3987,-0.8629,-0.3963,-0.2445,1.0000,1.0121,1.4423,13.3215,1.0000,-0.2122,-0.0632
4.5620,0.3987,-0.8531,-0.3963,-0.2476,1.0000,1.0116,1.0824,12.5044,1.0000,-0.2092,-0.0607
4.5780,0.3987,-0.8429,-0.3963,-0.2507,1.0000,1.0110,0.6502,11.6436,1.0000,-0.2013,-0.0581
4.5950,0.3987,-0.8315,-0.3963,-0.2540,1.0000,1.0104,0.4397,10.7341,1.0000,-0.1997,-0.0552
4.6120,0.3987,-0.8196,-0.3963,-0.2573,1.0000,1.0097,0.0629,9.8355,1.0000,-0.1866,-0.0520
4.6290,0.3987,-0.8072,-0.3963,-0.2607,1.0000,1.0090,-0.1664,9.0088,1.0000,-0.1797,-0.0486
4.6460,0.3987,-0.7945,-0.3963,-0.2640,1.0000,1.0084,-0.3808,8.2362,1.0000,-0.1732,-0.0452
4.6630,0.3987,-0.7813,-0.3963,-0.2673,1.0000,1.0077,-0.5690,7.5257,1.0000,-0.1672,-0.0418
4.6800,0.3987,-0.7679,-0.3963,-0.2705,1.0000,1.0070,-0.6914,6.8850,1.0000,-0.1615,-0.0383
4.6970,0.3987,-0.7541,-0.3963,-0.2737,1.0000,1.0063,-0.8114,6.2990,1.0000,-0.1562,-0.0349
4.7130,0.3987,-0.7410,-0.3963,-0.2767,1.0000,1.0057,-0.9877,5.8010,1.0000,-0.1453,-0.0315
4.7290,0.3987,-0.7276,-0.3963,-0.2796,1.0000,1.0051,-0.9636,5.3493,1.0000,-0.1467,-0.0283
4.7460,0.3987,-0.7131,-0.3963,-0.2826,1.0000,1.0044,-0.9617,4.9143,1.0000,-0.1478,-0.0253
4.7620,0.3987,-0.6993,-0.3963,-0.2854,1.0000,1.0038,-1.1202,4.5462,1.0000,-0.1325,-0.0221
4.7780,0.3987,-0.6854,-0.3963,-0.2881,1.0000,1.0033,-1.0434,4.2120,1.0000,-0.1342,-0.0192
4.7950,0.3987,-0.6704,-0.3963,-0.2910,1.0000,1.0027,-1.0492,3.8925,1.0000,-0.1355,-0.0165
4.8120,0.3987,-0.6553,-0.3963,-0.2938,1.0000,1.0022,-1.0850,3.6056,1.0000,-0.1266,-0.0137
4.8280,0.3987,-0.6410,-0.3963,-0.2964,1.0000,1.0017,-1.1515,3.3619,1.0000,-0.1177,-0.0110
4.8450,0.3987,-0.6256,-0.3963,-0.2990,1.0000,1.0013,-1.0376,3.1293,1.0000,-0.1242,-0.0087
4.8610,0.3987,-0.6111,-0.3963,-0.3015,1.0000,1.0009,-1.1949,2.9319,1.0000,-0.1111,-0.0064
4.8770,0.3987,-0.5965,-0.3963,-0.3039,1.0000,1.0005,-1.0630,2.7539,1.0000,-0.1129,-0.0044
4.8930,0.3987,-0.5818,-0.3963,-0.3062,1.0000,1.0002,-1.1273,2.5932,1.0000,-0.1100,-0.0025
4.9100,0.3987,-0.5661,-0.3963,-0.3086,1.0000,0.9998,-0.9902,2.4396,1.0000,-0.1114,-0.0008
4.9260,0.3987,-0.5513,-0.3963,-0.3109,1.0000,0.9995,-1.1129,2.3096,1.0000,-0.0996,0.0009
4.9430,0.3987,-0.5355,-0.3963,-0.3132,1.0000,0.9993,-0.9522,2.1854,1.0000,-0.1053,0.0023
4.9600,0.3987,-0.5196,-0.3963,-0.3154,1.0000,0.9991,-1.0254,2.0740,1.0000,-0.0984,0.0036
4.9770,0.3987,-0.5037,-0.3963,-0.3176,1.0000,0.9988,-0.9825,1.9743,1.0000,-0.0956,0.0047
4.9940,0.3987,-0.4877,-0.3963,-0.3197,1.0000,0.9987,-0.9649,1.8850,1.0000,-0.0929,0.0058
5.0110,0.3987,-0.4717,-0.3963,-0.3218,1.0000,0.9985,-0.9717,1.8050,1.0000,-0.0903,0.0066
5.0280,0.3987,-0.4556,-0.3963,-0.3238,1.0000,0.9984,-0.9317,1.7333,1.0000,-0.0878,0.0073
5.0450,0.3987,-0.4396,-0.3963,-0.3258,1.0000,0.9983,-0.9215,1.6691,1.0000,-0.0854,0.0079
5.0610,0.3987,-0.4244,-0.3963,-0.3276,1.0000,0.9983,-0.9606,1.6149,1.0000,-0.0794,0.0083
5.0770,0.3987,-0.4092,-0.3963,-0.3294,1.0000,0.9982,-0.8820,1.5660,1.0000,-0.0809,0.0087
5.0940,0.3987,-0.3931,-0.3963,-0.3312,1.0000,0.9982,-0.8312,1.5194,1.0000,-0.0821,0.0089
5.1100,0.3987,-0.3779,-0.3963,-0.3329,1.0000,0.9982,-0.8813,1.4801,1.0000,-0.0734,0.0090
5.1270,0.3987,-0.3617,-0.3963,-0.3346,1.0000,0.9982,-0.7436,1.4425,1.0000,-0.0778,0.0090
5.1430,0.3987,-0.3464,-0.3963,-0.3362,1.0000,0.9982,-0.8694,1.4108,1.0000,-0.0695,0.0090
5.1590,0.3987,-0.3312,-0.3963,-0.3377,1.0000,0.9983,-0.7489,1.3822,1.0000,-0.0708,0.0089
5.1750,0.3987,-0.3159,-0.3963,-0.3392,1.0000,0.9983,-0.7859,1.0828,0.9828,-0.0690,0.0087
5.1910,0.3987,-0.3006,-0.3963,-0.3407,1.0000,0.9984,-0.7356,0.5461,0.9520,-0.0672,0.0085
5.2280,0.3987,-0.2654,-0.3963,-0.3439,1.0000,0.9989,-0.1437,1.1736,1.0000,-0.0914,0.0082
5.2460,0.3987,-0.2482,-0.3963,-0.3455,1.0000,0.9994,-0.6082,0.9622,0.3485,-0.0140,0.0055
5.2620,0.3987,-0.2329,-0.3963,-0.3468,1.0000,1.0001,-1.5103,-2.4690,0.7574,-0.0528,0.0029
5.2790,0.3987,-0.2169,-0.3963,-0.3482,1.0000,1.0010,-0.5307,-5.4418,0.8151,-0.0591,-0.0007
5.2950,0.3987,-0.2021,-0.3963,-0.3495,1.0000,1.0019,-0.8992,-5.1141,0.7307,-0.0534,-0.0049
5.3120,0.3987,-0.1867,-0.3963,-0.3507,1.0000,1.0031,-0.5524,-4.7145,0.7669,-0.0569,-0.0094
5.3280,0.3987,-0.1725,-0.3963,-0.3519,1.0000,1.0043,-0.7637,-5.1323,0.6900,-0.0510,-0.0153
5.3450,0.3987,-0.1577,-0.3963,-0.3531,1.0000,1.0057,-0.5413,-5.0012,0.7245,-0.0543,-0.0214
5.3620,0.3987,-0.1432,-0.3963,-0.3543,1.0000,1.0071,-0.6374,-4.5275,0.6778,-0.0509,-0.0284
5.3790,0.3987,-0.1290,-0.3963,-0.3554,1.0000,1.0087,-0.4558,-5.0558,0.6577,-0.0496,-0.0357
5.3950,0.3987,-0.1159,-0.3963,-0.3565,1.0000,1.0101,-0.6320,-5.2114,0.6115,-0.0462,-0.0433
5.4120,0.3987,-0.1023,-0.3963,-0.3575,1.0000,1.0117,-0.3852,-5.3135,0.6440,-0.0489,-0.0506
5.4290,0.3987,-0.0890,-0.3963,-0.3586,1.0000,1.0132,-0.6076,-4.7693,0.6015,-0.0458,-0.0583
5.4450,0.3987,-0.0767,-0.3963,-0.3595,1.0000,1.0147,-0.3946,-5.6694,0.5595,-0.0425,-0.0662
5.4620,0.3987,-0.0640,-0.3963,-0.3605,1.0000,1.0163,-0.5034,-4.9036,0.5902,-0.0452,-0.0737
5.4790,0.3987,-0.0516,-0.3963,-0.3615,1.0000,1.0178,-0.4154,-5.3980,0.5512,-0.0422,-0.0815
5.4960,0.3987,-0.0394,-0.3963,-0.3625,1.0000,1.0191,-0.4441,-5.2110,0.5347,-0.0410,-0.0888
5.5130,0.3987,-0.0275,-0.3963,-0.3634,1.0000,1.0201,-0.4396,-5.2512,0.5189,-0.0398,-0.0953
5.5300,0.3987,-0.0160,-0.3963,-0.3643,1.0000,1.0209,-0.4185,-5.3297,0.5034,-0.0386,-0.1006
5.5470,0.1145,-0.0046,-1.6944,-0.3652,1.0000,1.0216,0.6210,-6.0311,-1.0000,-1.0000,-0.1047
5.5640,0.1145,0.0063,-1.6944,-0.3661,1.0000,1.0226,5.4168,-9.8985,-0.0941,-1.0000,-0.1080
5.5810,0.1145,0.0166,-1.6944,-0.3673,1.0000,1.0238,12.7315,-14.0441,-0.1045,-1.0000,-0.1128
5.5980,0.1145,0.0262,-1.6944,-0.3692,1.0000,1.0252,14.3239,-14.1969,-0.1083,-1.0000,-0.1190
5.6150,0.1145,0.0350,-1.6944,-0.3719,1.0000,1.0268,14.0408,-14.3239,-0.1051,-1.0000,-0.1260
5.6320,0.1145,0.0430,-1.6944,-0.3753,1.0000,1.0284,14.3239,-14.3202,-0.0995,-1.0000,-0.1338
5.6490,0.1145,0.0503,-1.6944,-0.3795,1.0000,1.0300,14.3239,-14.3239,-0.0929,-1.0000,-0.1419
5.6650,0.1145,0.0565,-1.6944,-0.3840,1.0000,1.0312,14.3239,-14.1923,-0.0993,-1.0000,-0.1498
5.6820,0.1145,0.0625,-1.6944,-0.3894,1.0000,1.0322,14.3239,-13.2422,-0.0673,-1.0000,-0.1561
5.6990,0.1145,0.0679,-1.6944,-0.3954,1.0000,1.0329,14.3239,-12.4872,-0.0722,-1.0000,-0.1611
5.7160,0.1145,0.0727,-1.6944,-0.4021,1.0000,1.0332,14.3239,-11.3780,-0.0652,-1.0000,-0.1643
5.7330,0.1145,0.0770,-1.6944,-0.4094,1.0000,1.0331,14.3239,-10.3463,-0.0581,-1.0000,-0.1658
5.7500,0.1145,0.0808,-1.6944,-0.4173,1.0000,1.0328,14.3239,-9.3317,-0.0513,-1.0000,-0.1657
5.7670,0.1145,0.0842,-1.6944,-0.4259,1.0000,1.0323,14.3000,-8.3008,-0.0449,-1.0000,-0.1642
5.7830,0.1145,0.0870,-1.6944,-0.4346,1.0000,1.0315,13.8855,-7.5534,-0.0451,-1.0000,-0.1614
5.7990,0.1145,0.0895,-1.6944,-0.4438,1.0000,1.0306,13.2592,-6.6320,-0.0333,-1.0000,-0.1577
5.8160,0.1145,0.0919,-1.6944,-0.4541,1.0000,1.0295,12.4290,-5.7972,-0.0238,-1.0000,-0.1531
5.8320,0.1145,0.0939,-1.6944,-0.4644,1.0000,1.0283,11.5781,-5.2281,-0.0284,-1.0000,-0.1475
5.8490,0.1145,0.0957,-1.6944,-0.4758,1.0000,1.0269,10.7015,-4.4265,-0.0163,-1.0000,-0.1415
5.8660,0.1145,0.0973,-1.6944,-0.4877,1.0000,1.0254,9.8341,-3.9747,-0.0164,-1.0000,-0.1345
5.8900,0.1145,0.0993,-1.6944,-0.5052,1.0000,1.0232,8.7048,-3.0479,0.0008,-1.0000,-0.1270
5.9070,0.1145,0.1005,-1.6944,-0.5181,1.0000,1.0215,7.9761,-3.0174,-0.0270,-1.0000,-0.1159
5.9240,0.1145,0.1015,-1.6944,-0.5313,1.0000,1.0199,7.3046,-2.4290,-0.0071,-1.0000,-0.1077
5.9410,0.1145,0.1024,-1.6944,-0.5449,1.0000,1.0182,6.6884,-2.2090,-0.0048,-1.0000,-0.0994
5.9580,0.1145,0.1033,-1.6944,-0.5587,1.0000,1.0165,6.1309,-1.8512,-0.0030,-1.0000,-0.0910
5.9740,0.1145,0.1039,-1.6944,-0.5720,1.0000,1.0150,5.6507,-1.6120,-0.0028,-1.0000,-0.0826
5.9900,0.1145,0.1045,-1.6944,-0.5854,1.0000,1.0134,5.2142,-1.4133,0.0000,-1.0000,-0.0748
6.0060,0.1145,0.1051,-1.6944,-0.5991,1.0000,1.0119,4.8172,-1.1911,0.0011,-1.0000,-0.0672
6.0220,0.1145,0.1056,-1.6944,-0.6129,1.0000,1.0105,4.4559,-1.0504,0.0020,-1.0000,-0.0597
6.0390,0.1145,0.1060,-1.6944,-0.6278,1.0000,1.0090,4.1094,-0.8752,0.0037,-1.0000,-0.0524
6.0550,0.1145,0.1064,-1.6944,-0.6419,1.0000,1.0077,3.8140,-0.7839,0.0026,-1.0000,-0.0450
6.0710,0.1145,0.1068,-1.6944,-0.6561,1.0000,1.0064,3.5468,-0.6684,0.0040,-1.0000,-0.0383
6.0880,0.1145,0.1071,-1.6944,-0.6714,1.0000,1.0051,3.2908,-0.5686,0.0050,-1.0000,-0.0319
6.1040,0.1145,0.1074,-1.6944,-0.6859,1.0000,1.0040,3.0734,-0.5128,0.0041,-1.0000,-0.0255
6.1210,0.1145,0.1077,-1.6944,-0.7014,1.0000,1.0028,2.8656,-0.4199,0.0055,-1.0000,-0.0198
6.1380,0.1145,0.1080,-1.6944,-0.7169,1.0000,1.0018,2.6791,-0.3812,0.0052,-1.0000,-0.0142
6.1550,0.1145,0.1082,-1.6944,-0.7326,1.0000,1.0008,2.5119,-0.3252,0.0053,-1.0000,-0.0090
6.1710,0.1145,0.1084,-1.6944,-0.7474,1.0000,1.0000,2.3705,-0.2944,0.0049,-1.0000,-0.0042
6.1870,0.1145,0.1086,-1.6944,-0.7623,1.0000,0.9993,2.2431,-0.2572,0.0055,-1.0000,-0.0001
6.2030,0.1145,0.1088,-1.6944,-0.7772,1.0000,0.9986,2.1284,-0.2262,0.0055,-1.0000,0.0036
6.2190,0.1145,0.1090,-1.6944,-0.7921,1.0000,0.9980,2.0252,-0.2013,0.0055,-1.0000,0.0069
6.2350,0.1145,0.1092,-1.6944,-0.8072,1.0000,0.9975,1.9323,-0.1781,0.0055,-1.0000,0.0099
6.2520,0.1145,0.1093,-1.6944,-0.8231,1.0000,0.9970,1.8438,-0.1537,0.0057,-1.0000,0.0125
6.2690,0.1145,0.1095,-1.6944,-0.8392,1.0000,0.9966,1.7649,-0.1417,0.0054,-1.0000,0.0150
6.2850,0.1145,0.1096,-1.6944,-0.8543,1.0000,0.9963,1.6983,-0.1312,0.0050,-1.0000,0.0170
6.3020,0.1145,0.1098,-1.6944,-0.8704,1.0000,0.9960,1.6350,-0.1120,0.0055,-1.0000,0.0186
6.3190,0.1145,0.1099,-1.6944,-0.8865,1.0000,0.9958,1.5785,-0.1076,0.0051,-1.0000,0.0200
6.3350,0.1145,0.1101,-1.6944,-0.9017,1.0000,0.9956,1.5310,-0.0995,0.0048,-1.0000,0.0211
6.3520,0.1145,0.1102,-1.6944,-0.9179,1.0000,0.9955,1.4859,-0.0860,0.0052,-1.0000,0.0218
6.3690,0.1145,0.1103,-1.6944,-0.9341,1.0000,0.9955,1.4457,-0.0848,0.0048,-1.0000,0.0223
6.3860,0.1145,0.1104,-1.6944,-0.9503,1.0000,0.9955,1.4100,-0.0751,0.0047,-1.0000,0.0226
6.4030,0.1145,0.1106,-1.6944,-0.9665,1.0000,0.9955,1.3782,-0.0720,0.0046,-1.0000,0.0226
6.4200,0.1145,0.1107,-1.6944,-0.9827,1.0000,0.9956,0.9899,-0.0682,0.0045,-0.9787,0.0224
6.4360,0.1145,0.1108,-1.6944,-0.9980,1.0000,0.9957,-0.0155,-0.0662,0.0042,-0.9160,0.0221
6.4520,0.1145,0.1109,-1.6944,-1.0132,1.0000,0.9959,-0.2922,-0.0614,0.0043,-0.9155,0.0215
6.4690,-0.8566,0.1110,-0.0747,-1.0293,1.0000,0.9961,-1.9000,-1.1062,-1.0000,1.0000,0.0207
6.4860,-0.8566,0.1110,-0.0747,-1.0452,1.0000,0.9968,-7.4629,-5.9160,-1.0000,1.0000,0.0193
6.5020,-0.8566,0.1107,-0.0747,-1.0598,1.0000,0.9978,-13.4048,-12.6528,-1.0000,1.0000,0.0159
6.5190,-0.8566,0.1097,-0.0747,-1.0745,1.0000,0.9991,-14.3239,-14.3239,-1.0000,1.0000,0.0109
6.5350,-0.8566,0.1081,-0.0747,-1.0875,1.0000,1.0007,-13.9822,-13.9948,-1.0000,1.0000,0.0043
6.5510,-0.8566,0.1058,-0.0747,-1.0998,1.0000,1.0024,-14.3239,-13.8349,-1.0000,1.0000,-0.0035
6.5670,-0.8566,0.1029,-0.0747,-1.1114,1.0000,1.0041,-14.3239,-14.3203,-1.0000,1.0000,-0.0119
6.5830,-0.8566,0.0993,-0.0747,-1.1224,1.0000,1.0057,-14.3239,-14.3239,-1.0000,1.0000,-0.0203
6.6000,-0.8566,0.0949,-0.0747,-1.1332,1.0000,1.0073,-14.3239,-14.3239,-1.0000,1.0000,-0.0286
6.6160,-0.8566,0.0902,-0.0747,-1.1428,1.0000,1.0086,-14.3239,-14.3239,-1.0000,1.0000,-0.0366
6.6320,-0.8566,0.0849,-0.0747,-1.1517,1.0000,1.0098,-14.3239,-14.3239,-1.0000,1.0000,-0.0432
6.6490,-0.8566,0.0786,-0.0747,-1.1605,1.0000,1.0108,-14.3239,-14.3239,-1.0000,1.0000,-0.0489
6.6660,-0.8566,0.0716,-0.0747,-1.1685,1.0000,1.0116,-14.3239,-14.3239,-1.0000,1.0000,-0.0540
6.6820,-0.8566,0.0645,-0.0747,-1.1755,1.0000,1.0122,-14.3239,-14.3239,-1.0000,1.0000,-0.0581
6.6990,-0.8566,0.0563,-0.0747,-1.1821,1.0000,1.0127,-14.3239,-14.3239,-1.0000,1.0000,-0.0611
6.7160,-0.8566,0.0474,-0.0747,-1.1880,1.0000,1.0130,-14.3239,-14.1222,-1.0000,1.0000,-0.0635
6.7330,-0.8566,0.0379,-0.0747,-1.1932,1.0000,1.0132,-14.3239,-13.5766,-1.0000,1.0000,-0.0651
6.7500,-0.8566,0.0277,-0.0747,-1.1976,1.0000,1.0132,-14.3239,-12.7531,-1.0000,1.0000,-0.0659
6.7670,-0.8566,0.0170,-0.0747,-1.2014,1.0000,1.0132,-14.3239,-11.8839,-1.0000,1.0000,-0.0661
6.7840,-0.8566,0.0058,-0.0747,-1.2044,1.0000,1.0130,-14.3239,-10.9838,-1.0000,1.0000,-0.0658
6.8010,-0.8566,-0.0060,-0.0747,-1.2067,1.0000,1.0127,-14.3239,-10.0980,-1.0000,1.0000,-0.0649
6.8170,-0.8566,-0.0174,-0.0747,-1.2082,1.0000,1.0124,-14.3239,-9.3243,-1.0000,1.0000,-0.0635
6.8340,-0.8566,-0.0300,-0.0747,-1.2091,1.0000,1.0119,-14.3239,-8.5426,-1.0000,1.0000,-0.0618
6.8510,-0.8566,-0.0430,-0.0747,-1.2092,1.0000,1.0115,-14.3239,-7.8275,-1.0000,1.0000,-0.0597
6.8670,-0.8566,-0.0555,-0.0747,-1.2087,1.0000,1.0110,-14.3239,-7.2110,-1.0000,1.0000,-0.0573
6.8830,-0.8566,-0.0682,-0.0747,-1.2076,1.0000,1.0104,-14.3239,-6.6421,-1.0000,1.0000,-0.0548
6.8990,-0.8566,-0.0813,-0.0747,-1.2058,1.0000,1.0099,-14.3239,-6.1269,-1.0000,1.0000,-0.0521
6.9150,-0.8566,-0.0945,-0.0747,-1.2035,1.0000,1.0093,-14.3239,-5.6540,-1.0000,1.0000,-0.0493
6.9320,-0.8566,-0.1088,-0.0747,-1.2002,1.0000,1.0086,-14.3239,-5.1998,-1.0000,1.0000,-0.0463
6.9490,-0.8566,-0.1233,-0.0747,-1.1963,1.0000,1.0080,-14.3239,-4.7893,-1.0000,1.0000,-0.0431
6.9650,-0.8566,-0.1371,-0.0747,-1.1919,1.0000,1.0073,-14.3239,-4.4385,-1.0000,1.0000,-0.0398
6.9810,-0.8566,-0.1511,-0.0747,-1.1869,1.0000,1.0067,-14.3239,-4.1212,-1.0000,1.0000,-0.0367
6.9980,-0.8566,-0.1661,-0.0747,-1.1809,1.0000,1.0060,-14.3239,-3.8156,-1.0000,1.0000,-0.0335
7.0150,-0.8566,-0.1812,-0.0747,-1.1742,1.0000,1.0054,-14.3239,-2.5631,-0.9400,1.0000,-0.0302
7.0320,-0.8566,-0.1965,-0.0747,-1.1668,1.0000,1.0048,-14.3239,-1.6449,-0.9058,1.0000,-0.0271
7.0480,-0.8566,-0.2108,-0.0747,-1.1592,1.0000,1.0043,-14.3239,-0.0676,-0.8449,1.0000,-0.0241
7.0650,-0.8566,-0.2260,-0.0747,-1.1504,1.0000,1.0038,-14.2005,-0.0123,-0.8698,1.0000,-0.0216
7.0810,-0.8566,-0.2403,-0.0747,-1.1415,1.0000,1.0034,-13.6504,1.7399,-0.7862,1.0000,-0.0191
7.0970,-0.8566,-0.2544,-0.0747,-1.1320,1.0000,1.0032,-12.9086,2.1043,-0.7874,1.0000,-0.0172
7.1130,-0.8566,-0.2684,-0.0747,-1.1219,1.0000,1.0030,-11.9603,2.6953,-0.7628,1.0000,-0.0158
7.1300,-0.8566,-0.2831,-0.0747,-1.1106,1.0000,1.0030,-11.0177,2.6247,-0.7651,1.0000,-0.0151
7.1460,-0.8566,-0.2967,-0.0747,-1.0995,1.0000,1.0031,-10.0795,3.6916,-0.6883,1.0000,-0.0150
7.1620,-0.8566,-0.3101,-0.0747,-1.0879,1.0000,1.0033,-9.3141,4.0976,-0.6935,1.0000,-0.0154
7.1790,-0.8566,-0.3242,-0.0747,-1.0752,1.0000,1.0036,-8.3873,3.9668,-0.6979,1.0000,-0.0164
7.1950,-0.8566,-0.3371,-0.0747,-1.0629,1.0000,1.0040,-7.6803,4.6648,-0.6268,1.0000,-0.0182
7.2120,-0.8566,-0.3506,-0.0747,-1.0495,1.0000,1.0044,-7.0136,4.1473,-0.6576,1.0000,-0.0202
7.2290,-0.8566,-0.3639,-0.0747,-1.0358,1.0000,1.0049,-6.3612,4.8333,-0.6145,1.0000,-0.0222
7.2460,-0.8566,-0.3769,-0.0747,-1.0218,1.0000,1.0053,-5.8530,4.6609,-0.5956,1.0000,-0.0243
7.2630,-0.8566,-0.3896,-0.0747,-1.0075,1.0000,1.0057,-5.3223,4.9339,-0.5779,1.0000,-0.0265
7.2790,-0.8566,-0.4013,-0.0747,-0.9939,1.0000,1.0061,-4.9602,5.2669,-0.5373,1.0000,-0.0286
7.2950,-0.8566,-0.4127,-0.0747,-0.9802,1.0000,1.0064,-4.5597,4.9857,-0.5453,1.0000,-0.0304
7.3120,-0.8566,-0.4246,-0.0747,-0.9654,1.0000,1.0067,-4.2156,4.8177,-0.5517,1.0000,-0.0321
7.3290,-0.8566,-0.4362,-0.0747,-0.9504,1.0000,1.0069,-3.9172,4.8871,-0.5151,1.0000,-0.0336
7.3460,-0.8566,-0.4475,-0.0747,-0.9354,1.0000,1.0071,-3.6230,4.8046,-0.5000,1.0000,-0.0347
7.3630,-0.8566,-0.4585,-0.0747,-0.9201,1.0000,1.0072,-3.3835,4.9051,-0.4853,1.0000,-0.0355
7.3800,-0.8566,-0.4693,-0.0747,-0.9048,1.0000,1.0072,-3.1585,4.8235,-0.4712,1.0000,-0.0358
7.3970,-0.8566,-0.4798,-0.0747,-0.8894,1.0000,1.0071,-2.9532,4.7724,-0.4577,1.0000,-0.0359
7.4140,-0.8566,-0.4901,-0.0747,-0.8739,1.0000,1.0070,-2.7764,4.7424,-0.4446,1.0000,-0.0355
7.4310,-0.8566,-0.5000,-0.0747,-0.8583,1.0000,1.0068,-2.6100,4.6385,-0.4320,1.0000,-0.0350
7.4470,-0.8566,-0.5092,-0.0747,-0.8435,1.0000,1.0066,-2.4712,4.8731,-0.4015,1.0000,-0.0341
7.4630,-0.8566,-0.5181,-0.0747,-0.8287,1.0000,1.0064,-2.3452,4.5130,-0.4090,1.0000,-0.0331
7.4790,-0.8566,-0.5268,-0.0747,-0.8139,1.0000,1.0061,-2.2290,4.5278,-0.3985,1.0000,-0.0320
7.4950,-0.8566,-0.5352,-0.0747,-0.7990,1.0000,1.0058,-2.1257,4.2795,-0.3883,1.0000,-0.0306
